{"cameraMode":{"drawMode":0,"name":"Shaded","section":"Shading Mode"},"sceneLighting":false,"audioPlay":false,"sceneViewState":{"m_AlwaysRefresh":false,"showFog":true,"showSkybox":false,"showFlares":true,"showImageEffects":true,"showParticleSystems":true,"showVisualEffectGraphs":true,"m_FxEnabled":true},"in2DMode":false,"pivot":{"x":-0.01895097643136978,"y":0.2619999647140503,"z":0.03965491056442261},"rotation":{"x":0.05181391164660454,"y":0.806975245475769,"z":-0.07160414755344391,"w":0.5839369297027588},"size":0.4330126941204071,"orthographic":false}